CREATE DATABASE API_LUATMOPHONG
GO
USE API_LUATMOPHONG
GO
CREATE TABLE LOAICAUHOI
(
	MALOAI INT PRIMARY KEY,
	TENLOAI NTEXT,
	GHICHU NTEXT,
	ICON NTEXT,
)
GO
CREATE TABLE CAUHOI
(
	MACAUHOI INT PRIMARY KEY,
	VIDEO TEXT,
	MALOAI INT,
	TRANGTHAI INT,
	COUNTWRONG INT,
	GOIY NTEXT,
)
GO
CREATE TABLE DAPAN
(
	MADAPAN INT PRIMARY KEY,
	MACAUHOI INT,
	DIEMBD FLOAT,
	DIEMKT FLOAT,
)
GO
CREATE TABLE DETHI
(
	MADE INT PRIMARY KEY,
	THOIGIAN INT,
)
GO

CREATE TABLE BAILAM
(
    MABAILAM INT PRIMARY KEY,
	MADE INT,
	MACAUHOI INT ,
	DIEMXN FLOAT,
	KIEMTRA INT,
)
GO

CREATE TABLE MEOCAU
(
	MAMEO INT PRIMARY KEY,
	MACAUHOI INT,
	ANH TEXT,
	NOIDUNG NTEXT,
)
GO
select * from MEOCAU
create TABLE LAMTHEOLOAI
(
	MALAMTHEOLOAI INT identity PRIMARY KEY,
	MACAUHOI INT,
	MALOAI INT,
	DIEMXN FLOAT,
	KIEMTRA INT,
)
GO
delete from LOAICAUHOI
insert into LOAICAUHOI
VALUES
	(1, N'GIAO THÔNG TRÊN ĐƯỜNG PHỐ', N'Các tình huống thực tế thường xuyên gặp phải khi tham gia giao thông trên đường phố trong khu đô thị, khu dân cư đông đúc', 'https://firebasestorage.googleapis.com/v0/b/luatmophong.appspot.com/o/icon1.png?alt=media&token=2574e88a-6356-4e06-adfc-d6a9f91632bd')
insert into LOAICAUHOI
VALUES
	(2,N'GIAO THÔNG TRÊN ĐƯỜNG Ở NÔNG THÔN',N'Các tình huống thực tế thương xuyên gặp phải khi tham gia giao thông trên đường ở nông thôn ở các đoạn đường gấp khúc, vào buổi tối, có gia súc...', 'https://firebasestorage.googleapis.com/v0/b/luatmophong.appspot.com/o/icon2.png?alt=media&token=deb4ecd2-721f-47f1-a76d-b5175e376303')
insert into LOAICAUHOI
VALUES
	(3,N'GIAO THÔNG TRÊN ĐƯỜNG CAO TỐC',N'Các tình huống thực tế thường xuyên gặp phải khi tham gia giao thông trên đường cao tốc như chuyển làn, vượt xe, phanh gấp, nhập làn, lùi trên cao tốc...', 'https://firebasestorage.googleapis.com/v0/b/luatmophong.appspot.com/o/icon3.png?alt=media&token=f9351e50-8b98-4c63-83e2-1574dbc93e82')
insert into LOAICAUHOI
VALUES
	(4,N'GIAO THÔNG TRÊN ĐƯỜNG NÚI',N'Các tình huống thực tế khi điều khiển tham gia giao thông trên đường núi như vượt xe, lên dốc xuống dốc, khúc cua gấp...', 'https://firebasestorage.googleapis.com/v0/b/luatmophong.appspot.com/o/icon4.png?alt=media&token=18e37f31-b222-4a0e-88ab-b8cc45bfd7a7')
insert into LOAICAUHOI
VALUES
	(5, N'GIAO THÔNG TRÊN ĐƯỜNG QUỐC LỘ',N'Xoay quanh các tình huống thực tế điều khiển giao thông trên quốc lộ như người đi bộ, giao cắt với đường sắt, vượt xe trên đường...', 'https://firebasestorage.googleapis.com/v0/b/luatmophong.appspot.com/o/icon5.png?alt=media&token=a8ed552c-2030-4a7b-9e36-6b2353385a99')
insert into LOAICAUHOI
VALUES
	(6,N'TÌNH HUỐNG GÂY RA TAI NẠN GIAO THÔNG THỰC TẾ',N'Xoay quanh các tình huống va chạm thực tế khi tham gia giao thông hỗn hợp ngoài đời thực...', 'https://firebasestorage.googleapis.com/v0/b/luatmophong.appspot.com/o/icon6.png?alt=media&token=61b867f0-e2fa-4758-981f-ad6a18789eef')
go
insert into CAUHOI VALUES (1,'https://firebasestorage.googleapis.com/v0/b/luatmophong.appspot.com/o/1.mp4?alt=media&token=ef744552-cee3-4c4d-8b3f-13e8c0c4ec31',1,0,0,N'Khi di chuyển trong khu vực đông dân cư, bất chợ gặp người đi bộ băng cắt qua đường chúng ta cần đạp chân phanh để xe chạy chậm lại, thậm chí cần phải dừng lại một chút để nhường cho người đi bộ băng cắt qua đường. Khi cảm thấy an toàn thì chúng ta tiếp tục đạp chân ga để di chuyển')
insert into CAUHOI VALUES (2,'https://firebasestorage.googleapis.com/v0/b/luatmophong.appspot.com/o/2.mp4?alt=media&token=559dc11f-a572-418a-a7a4-00f61f8bb948',1,0,0,N'Khi di chuyển trong khu vực đông dân cư phía trước có xe ô tô đang di chuyển, 2 bên đều có  xe đỗ lề đường. Xe đang di chuyển đến giao lộ có tín hiệu đèn xanh đèn đỏ, hiện đèn tín hiệu vẫn đang có màu xanh tuy nhiên phát hiện thấy có người đi bộ băng cắt qua đường thì chúng ta cần đạp chân phanh để xe chạy chậm lại, thậm chí cần phải dừng lại một chút để nhường đường cho người đi bộ băng cắt qua đường. Khi cảm thấy an toàn thì chúng ta tiếp tục đạp chân ga để di chuyển')
insert into CAUHOI VALUES (3,'https://firebasestorage.googleapis.com/v0/b/luatmophong.appspot.com/o/3.mp4?alt=media&token=d96a88ae-524e-4c81-bb70-54583b02bfa8',1,0,0,N'Khi di chuyển trong khu vực đông dân cư phía trước có xe ô tô đang di chuyển thì bất ngờ xe phía trước phanh gấp hoặc đỏ đèn phanh thì chúng ta cần đạp phanh ngay giảm tốc độ để giữ khoảng cách an toàn. Khi cảm thấy an toàn thì chúng ta tiếp tục đạp chân ga để chi chuyển.')
insert into CAUHOI VALUES (4,'https://firebasestorage.googleapis.com/v0/b/luatmophong.appspot.com/o/4.mp4?alt=media&token=0cb9725a-9463-4cff-9700-eb73e479f1f2',1,0,0,N'Khi di chuyển trong khu vực đông dân cư và trong điều kiện thời tiết có mưa đường trơn trượt, khi qua ngã ba phát hiện thấy xe ở đường khác tiến hành nhập làn trước chúng ta cần đạp phanh đi chậm lại ngay để giữ khoảng cách an toàn. Khi cảm thấy an toàn thì chúng ta tiếp tục đạp chân ga để di chuyển.')
insert into CAUHOI VALUES (5,'https://firebasestorage.googleapis.com/v0/b/luatmophong.appspot.com/o/5.mp4?alt=media&token=bc97b8d6-e094-4cd9-b7ee-47dce8cf1a8c',1,0,0,N'Khi di chuyển trong khu vực đông dân cư đến các đoạn đường có rẽ nhánh bạn phải để ý trường hợp các xe khác đột ngột chuyển làn, rẽ ẩu. Nên đi chậm lại hoặc quan sát xung quanh đề phòng các chị ninja lead hay các tình huống bất ngờ có thể xảy ra.')
insert into CAUHOI VALUES (6,'https://firebasestorage.googleapis.com/v0/b/luatmophong.appspot.com/o/6.mp4?alt=media&token=6e9afa10-d13e-43e5-8fa6-6791974f8db0',1,0,0,N'Khi di chuyển trong khu vực đông dân cư khi đến khu vực ngã ba phát hiện xe Bus ở hướng đối diện có ý định vượt phải chúng ta cần đạp phanh ngay để giữ khoảng cách an toàn. Khi cảm thấy an toàn thì chúng ta tiếp tục đạp chân ga để di chuyển')
insert into CAUHOI VALUES (7,'https://firebasestorage.googleapis.com/v0/b/luatmophong.appspot.com/o/7.mp4?alt=media&token=e9198b85-ac7b-4933-8272-57e1dc99f1fd',1,0,0,N'Khi di chuyển trong khu vực đông dân cư khi đến khu vực giao lộ, trước mắt là đèn xanh, trời nhá nhem tối, xe phía trước phanh đỏ đít xe để nhường đường cho người đi bộ thì bạn nên rà phanh ngay để xe đi chậm lại giữ khoảng cách an toàn. Nói chung cứ thấy xe trước đỏ đèn phanh thì bạn cũng chuyển luôn sang tư thế sẵn sàng quan sát và rà phanh xe mình cho an toàn nhé.')
insert into CAUHOI VALUES (8,'https://firebasestorage.googleapis.com/v0/b/luatmophong.appspot.com/o/8.mp4?alt=media&token=c1da40f1-1909-4135-8872-ff1a5f1ae99f',1,0,0,N'Khi di chuyển trong khu vực đông dân cư khi đến khu vực giao lộ, bỗng có xe đạp phía bên trái băng qua giao lộ chúng ta cần đạp phanh ngay để giữ khoảng cách an toàn. Khi cảm thấy an toàn thì chúng ta tiếp tục đạp chân ga để di chuyển.')
insert into CAUHOI VALUES (9,'https://firebasestorage.googleapis.com/v0/b/luatmophong.appspot.com/o/9.mp4?alt=media&token=0705a194-212a-43a0-aa91-b423891d5319',1,0,0,N'Khi di chuyển trong khu vực đông dân cư đường đôi có dải phân cách bỗng chợt phía đối diện có xe ô tô lấn làn vượt ẩu chúng ta cần đạp phanh ngay để giữ khoảng cách an toàn. Khi cảm thấy an taofn thì chúng ta tiếp tục đạp chân ga để di chuyển.')
insert into CAUHOI VALUES (10,'https://firebasestorage.googleapis.com/v0/b/luatmophong.appspot.com/o/10.mp4?alt=media&token=4b04d3ba-e141-417e-9a75-4f4a7a435c13',1,0,0,N'Khi di chuyển trong khu vực đông dân cư đến ngã ba thì phát hiện bên phía tay trái có xe ô tô vào giao lộ trước chúng ta cần đạp phanh ngay để giữ khoảng cách an toàn. Khi cảm thấy an toàn thì chúng ta tiếp tục đạp chân ga để di chuyển')
insert into CAUHOI VALUES (11,'https://firebasestorage.googleapis.com/v0/b/luatmophong.appspot.com/o/11.mp4?alt=media&token=671b7abb-1b97-41b1-91dd-97eee00968ee',1,0,0,N'')
insert into CAUHOI VALUES (12,'https://firebasestorage.googleapis.com/v0/b/luatmophong.appspot.com/o/12.mp4?alt=media&token=0084989b-fc31-45be-af5a-991442cc0654',1,0,0,N'')
insert into CAUHOI VALUES (13,'https://firebasestorage.googleapis.com/v0/b/luatmophong.appspot.com/o/13.mp4?alt=media&token=e8aa488b-d865-40ca-b0e1-b9426500b8dc',1,0,0,N'')
insert into CAUHOI VALUES (14,'https://firebasestorage.googleapis.com/v0/b/luatmophong.appspot.com/o/14.mp4?alt=media&token=f8869f97-ea0a-43dc-9de9-5b54caaa3084',1,0,0,N'')
insert into CAUHOI VALUES (15,'https://firebasestorage.googleapis.com/v0/b/luatmophong.appspot.com/o/15.mp4?alt=media&token=dc889984-1685-4aae-8d6e-12305e48f319',1,0,0,N'')
insert into CAUHOI VALUES (16,'https://firebasestorage.googleapis.com/v0/b/luatmophong.appspot.com/o/16.mp4?alt=media&token=28b6f88c-ef8e-49f2-984d-2f28c9af9b37',1,0,0,N'')
insert into CAUHOI VALUES (17,'https://firebasestorage.googleapis.com/v0/b/luatmophong.appspot.com/o/17.mp4?alt=media&token=3cc2cb39-2582-4416-b2c9-7e9369ee6596',1,0,0,N'')
insert into CAUHOI VALUES (18,'https://firebasestorage.googleapis.com/v0/b/luatmophong.appspot.com/o/18.mp4?alt=media&token=725be8c6-17b8-452f-92ac-3eec154a743b',1,0,0,N'')
insert into CAUHOI VALUES (19,'https://firebasestorage.googleapis.com/v0/b/luatmophong.appspot.com/o/19.mp4?alt=media&token=5dd23166-0c77-4256-a19f-c2ca0d89462e',1,0,0,N'')
insert into CAUHOI VALUES (20,'https://firebasestorage.googleapis.com/v0/b/luatmophong.appspot.com/o/20.mp4?alt=media&token=4f9a3a7e-dab6-418d-9097-5d9a0087f844',1,0,0,N'')
insert into CAUHOI VALUES (21,'https://firebasestorage.googleapis.com/v0/b/luatmophong.appspot.com/o/21.mp4?alt=media&token=cbd480a3-1f29-47b0-b4aa-3550e6b32606',1,0,0,N'')
insert into CAUHOI VALUES (22,'https://firebasestorage.googleapis.com/v0/b/luatmophong.appspot.com/o/22.mp4?alt=media&token=e34b6ba8-4649-4ea8-aa8f-13e2cf1f1f67',1,0,0,N'')
insert into CAUHOI VALUES (23,'https://firebasestorage.googleapis.com/v0/b/luatmophong.appspot.com/o/23.mp4?alt=media&token=52d35b84-e133-47b1-b813-bc160a501e2f',1,0,0,N'')
insert into CAUHOI VALUES (24,'https://firebasestorage.googleapis.com/v0/b/luatmophong.appspot.com/o/24.mp4?alt=media&token=c6985510-cda7-47b6-be58-8cc48a7526dd',1,0,0,N'')
insert into CAUHOI VALUES (25,'https://firebasestorage.googleapis.com/v0/b/luatmophong.appspot.com/o/25.mp4?alt=media&token=3027ae18-e4dc-4e55-983c-9bbc99ea5916',1,0,0,N'')
insert into CAUHOI VALUES (26,'https://firebasestorage.googleapis.com/v0/b/luatmophong.appspot.com/o/26.mp4?alt=media&token=223a8fdb-053d-474a-9e32-0b3cecabe477',1,0,0,N'')
insert into CAUHOI VALUES (27,'https://firebasestorage.googleapis.com/v0/b/luatmophong.appspot.com/o/27.mp4?alt=media&token=f375e125-91f3-4537-83ff-0ed943582d18',1,0,0,N'')
insert into CAUHOI VALUES (28,'https://firebasestorage.googleapis.com/v0/b/luatmophong.appspot.com/o/28.mp4?alt=media&token=005eafff-1853-4d74-aa6a-9bfc67707a68',1,0,0,N'')
insert into CAUHOI VALUES (29,'https://firebasestorage.googleapis.com/v0/b/luatmophong.appspot.com/o/29.mp4?alt=media&token=37fc3aef-d989-4d6b-ac1d-3536420c01c7',1,0,0,N'')
insert into CAUHOI VALUES (30,'https://firebasestorage.googleapis.com/v0/b/luatmophong.appspot.com/o/30.mp4?alt=media&token=93458568-3990-4813-ae6b-20240d083af8',2,0,0,N'')
insert into CAUHOI VALUES (31,'https://firebasestorage.googleapis.com/v0/b/luatmophong.appspot.com/o/31.mp4?alt=media&token=18021a27-d913-417b-aba5-6b3d7608da18',2,0,0,N'')
insert into CAUHOI VALUES (32,'https://firebasestorage.googleapis.com/v0/b/luatmophong.appspot.com/o/32.mp4?alt=media&token=1fb0c2e5-aab0-471d-ad7a-a59efe035629',2,0,0,N'')
insert into CAUHOI VALUES (33,'https://firebasestorage.googleapis.com/v0/b/luatmophong.appspot.com/o/33.mp4?alt=media&token=fb777f43-4dd3-46de-8b85-f1ea9c1546a8',2,0,0,N'')
insert into CAUHOI VALUES (34,'https://firebasestorage.googleapis.com/v0/b/luatmophong.appspot.com/o/34.mp4?alt=media&token=f56dc323-31af-4cd8-bae7-200746b58d3b',2,0,0,N'')
insert into CAUHOI VALUES (35,'https://firebasestorage.googleapis.com/v0/b/luatmophong.appspot.com/o/35.mp4?alt=media&token=1bba568d-0db4-423c-a884-08da25e2a9ac',2,0,0,N'')
insert into CAUHOI VALUES (36,'https://firebasestorage.googleapis.com/v0/b/luatmophong.appspot.com/o/36.mp4?alt=media&token=de97d35c-1808-43e8-a659-2727c1d8200a',2,0,0,N'')
insert into CAUHOI VALUES (37,'https://firebasestorage.googleapis.com/v0/b/luatmophong.appspot.com/o/37.mp4?alt=media&token=6d70790f-46c1-490b-9ceb-b9af39b3b06d',2,0,0,N'')
insert into CAUHOI VALUES (38,'https://firebasestorage.googleapis.com/v0/b/luatmophong.appspot.com/o/38.mp4?alt=media&token=b0f62842-c5bf-4e17-96ec-990892e837f6',2,0,0,N'')
insert into CAUHOI VALUES (39,'https://firebasestorage.googleapis.com/v0/b/luatmophong.appspot.com/o/39.mp4?alt=media&token=c2f8fcc8-a5cd-4132-b928-ec5a674070cb',2,0,0,N'')
insert into CAUHOI VALUES (40,'https://firebasestorage.googleapis.com/v0/b/luatmophong.appspot.com/o/40.mp4?alt=media&token=282c058c-56d3-40b4-8937-94641a8c3683',2,0,0,N'')
insert into CAUHOI VALUES (41,'https://firebasestorage.googleapis.com/v0/b/luatmophong.appspot.com/o/41.mp4?alt=media&token=61c866c9-2c1f-4341-8a56-97ee20cfd3cd',2,0,0,N'')
insert into CAUHOI VALUES (42,'https://firebasestorage.googleapis.com/v0/b/luatmophong.appspot.com/o/42.mp4?alt=media&token=d95e6de9-89ab-4b1e-8212-4d8c35308cf0',2,0,0,N'')
insert into CAUHOI VALUES (43,'https://firebasestorage.googleapis.com/v0/b/luatmophong.appspot.com/o/43.mp4?alt=media&token=c560af88-a5cf-4160-9e92-0d7ba9528d65',2,0,0,N'')
insert into CAUHOI VALUES (44,'https://firebasestorage.googleapis.com/v0/b/luatmophong.appspot.com/o/44.mp4?alt=media&token=dd962278-243f-44c3-992b-b6e9734e1fd6',3,0,0,N'')
insert into CAUHOI VALUES (45,'https://firebasestorage.googleapis.com/v0/b/luatmophong.appspot.com/o/45.mp4?alt=media&token=576d688c-9106-4815-bc2f-39cb69b7ade4',3,0,0,N'')
insert into CAUHOI VALUES (46,'https://firebasestorage.googleapis.com/v0/b/luatmophong.appspot.com/o/46.mp4?alt=media&token=482bd358-5bfd-4799-a810-3423c001c6ef',3,0,0,N'')
insert into CAUHOI VALUES (47,'https://firebasestorage.googleapis.com/v0/b/luatmophong.appspot.com/o/47.mp4?alt=media&token=73c61285-605f-470d-9d63-2bd49728992a',3,0,0,N'')
insert into CAUHOI VALUES (48,'https://firebasestorage.googleapis.com/v0/b/luatmophong.appspot.com/o/48.mp4?alt=media&token=bf25cd1e-4da8-4c0f-839a-3ef685aab9fb',3,0,0,N'')
insert into CAUHOI VALUES (49,'https://firebasestorage.googleapis.com/v0/b/luatmophong.appspot.com/o/49.mp4?alt=media&token=c1529f48-a678-4cea-b6e7-183bb78db296',3,0,0,N'')
insert into CAUHOI VALUES (50,'https://firebasestorage.googleapis.com/v0/b/luatmophong.appspot.com/o/50.mp4?alt=media&token=7ad0fd5c-6ee0-4731-ac00-8e029672cb0a',3,0,0,N'')
insert into CAUHOI VALUES (51,'https://firebasestorage.googleapis.com/v0/b/luatmophong.appspot.com/o/51.mp4?alt=media&token=63f3c504-9c27-41f5-be83-06e87f7d760a',3,0,0,N'')
insert into CAUHOI VALUES (52,'https://firebasestorage.googleapis.com/v0/b/luatmophong.appspot.com/o/52.mp4?alt=media&token=f2b1ea24-6368-42fe-88ff-62ecd8748b67',3,0,0,N'')
insert into CAUHOI VALUES (53,'https://firebasestorage.googleapis.com/v0/b/luatmophong.appspot.com/o/53.mp4?alt=media&token=8821d5e1-420c-481a-90ea-174ddb5295e1',3,0,0,N'')
insert into CAUHOI VALUES (54,'https://firebasestorage.googleapis.com/v0/b/luatmophong.appspot.com/o/54.mp4?alt=media&token=ae2fcf76-8f21-4601-8483-f25bb28057dd',3,0,0,N'')
insert into CAUHOI VALUES (55,'https://firebasestorage.googleapis.com/v0/b/luatmophong.appspot.com/o/55.mp4?alt=media&token=1db3546d-567d-48b9-b7b6-ddad8f1de33b',3,0,0,N'')
insert into CAUHOI VALUES (56,'https://firebasestorage.googleapis.com/v0/b/luatmophong.appspot.com/o/56.mp4?alt=media&token=7fb93316-835a-4984-8950-ea4f82148e13',3,0,0,N'')
insert into CAUHOI VALUES (57,'https://firebasestorage.googleapis.com/v0/b/luatmophong.appspot.com/o/57.mp4?alt=media&token=3f1e63a8-adcd-41aa-9576-fce57e214f30',3,0,0,N'')
insert into CAUHOI VALUES (58,'https://firebasestorage.googleapis.com/v0/b/luatmophong.appspot.com/o/58.mp4?alt=media&token=14a8397d-839c-48a1-a524-6a8a67176853',3,0,0,N'')
insert into CAUHOI VALUES (59,'https://firebasestorage.googleapis.com/v0/b/luatmophong.appspot.com/o/59.mp4?alt=media&token=db092cc4-c518-4412-922c-d8eb11bff6cd',3,0,0,N'')
insert into CAUHOI VALUES (60,'https://firebasestorage.googleapis.com/v0/b/luatmophong.appspot.com/o/60.mp4?alt=media&token=2c6254f3-3788-4288-9463-22814d46b54c',3,0,0,N'')
insert into CAUHOI VALUES (61,'https://firebasestorage.googleapis.com/v0/b/luatmophong.appspot.com/o/61.mp4?alt=media&token=f17a5a8d-4d60-44f5-96c8-5920ef8e9e5e',3,0,0,N'')
insert into CAUHOI VALUES (62,'https://firebasestorage.googleapis.com/v0/b/luatmophong.appspot.com/o/62.mp4?alt=media&token=0e12a74e-6659-4592-ac04-e009d8e27172',3,0,0,N'')
insert into CAUHOI VALUES (63,'https://firebasestorage.googleapis.com/v0/b/luatmophong.appspot.com/o/63.mp4?alt=media&token=c764d35f-9e34-4044-836f-420b747425d5',3,0,0,N'')
insert into CAUHOI VALUES (64,'https://firebasestorage.googleapis.com/v0/b/luatmophong.appspot.com/o/64.mp4?alt=media&token=993f607a-2585-479c-bc68-370ec7e2bf35',4,0,0,N'')
insert into CAUHOI VALUES (65,'https://firebasestorage.googleapis.com/v0/b/luatmophong.appspot.com/o/65.mp4?alt=media&token=db2b886d-4648-4d06-8b58-ed84a40be68f',4,0,0,N'')
insert into CAUHOI VALUES (66,'https://firebasestorage.googleapis.com/v0/b/luatmophong.appspot.com/o/66.mp4?alt=media&token=48df51b7-5b39-4162-adb0-6552880db0fd',4,0,0,N'')
insert into CAUHOI VALUES (67,'https://firebasestorage.googleapis.com/v0/b/luatmophong.appspot.com/o/67.mp4?alt=media&token=a82a8ce5-14f4-4b33-91bf-4f64ae4fd5a5',4,0,0,N'')
insert into CAUHOI VALUES (68,'https://firebasestorage.googleapis.com/v0/b/luatmophong.appspot.com/o/68.mp4?alt=media&token=d7feca6c-85b6-4efa-a8f7-787ab70116bd',4,0,0,N'')
insert into CAUHOI VALUES (69,'https://firebasestorage.googleapis.com/v0/b/luatmophong.appspot.com/o/69.mp4?alt=media&token=a4f0b364-9fa4-4408-be1c-04ee1b61eb6b',4,0,0,N'')
insert into CAUHOI VALUES (70,'https://firebasestorage.googleapis.com/v0/b/luatmophong.appspot.com/o/70.mp4?alt=media&token=b5681391-bf6a-4a82-a3fd-2c5c958b3ec3',4,0,0,N'')
insert into CAUHOI VALUES (71,'https://firebasestorage.googleapis.com/v0/b/luatmophong.appspot.com/o/71.mp4?alt=media&token=74bd962c-1d4a-459b-952b-16fd4872e3b7',4,0,0,N'')
insert into CAUHOI VALUES (72,'https://firebasestorage.googleapis.com/v0/b/luatmophong.appspot.com/o/72.mp4?alt=media&token=f43110f4-9526-4fc6-ae5d-a48b40b9cdaa',4,0,0,N'')
insert into CAUHOI VALUES (73,'https://firebasestorage.googleapis.com/v0/b/luatmophong.appspot.com/o/73.mp4?alt=media&token=ca8ac6df-1d33-41b6-a15a-a8a74e14d10e',4,0,0,N'')
insert into CAUHOI VALUES (74,'https://firebasestorage.googleapis.com/v0/b/luatmophong.appspot.com/o/74.mp4?alt=media&token=c9ebdc47-5757-4f62-b08c-ae34a5635729',5,0,0,N'')
insert into CAUHOI VALUES (75,'https://firebasestorage.googleapis.com/v0/b/luatmophong.appspot.com/o/75.mp4?alt=media&token=9de2fd76-1278-4ecd-a3b8-0dcb514b3ec2',5,0,0,N'')
insert into CAUHOI VALUES (76,'https://firebasestorage.googleapis.com/v0/b/luatmophong.appspot.com/o/76.mp4?alt=media&token=749ff182-a6bf-4693-bec4-7e21e98d6284',5,0,0,N'')
insert into CAUHOI VALUES (77,'https://firebasestorage.googleapis.com/v0/b/luatmophong.appspot.com/o/77.mp4?alt=media&token=bd6561f9-8868-40b4-8e5f-084e687ac3f4',5,0,0,N'')
insert into CAUHOI VALUES (78,'https://firebasestorage.googleapis.com/v0/b/luatmophong.appspot.com/o/78.mp4?alt=media&token=4d3295ba-6eca-4c54-99bf-476f12fd9297',5,0,0,N'')
insert into CAUHOI VALUES (79,'https://firebasestorage.googleapis.com/v0/b/luatmophong.appspot.com/o/79.mp4?alt=media&token=3861b91a-b73e-470f-9616-793d9f57dbca',5,0,0,N'')
insert into CAUHOI VALUES (80,'https://firebasestorage.googleapis.com/v0/b/luatmophong.appspot.com/o/80.mp4?alt=media&token=3fe8f27b-8c54-42fd-bcdf-e63bbfd9f23b',5,0,0,N'')
insert into CAUHOI VALUES (81,'https://firebasestorage.googleapis.com/v0/b/luatmophong.appspot.com/o/81.mp4?alt=media&token=6d2230a5-149b-441e-a576-92afc6b045dc',5,0,0,N'')
insert into CAUHOI VALUES (82,'https://firebasestorage.googleapis.com/v0/b/luatmophong.appspot.com/o/82.mp4?alt=media&token=169a9843-3c14-4432-9b07-d3ce2300734c',5,0,0,N'')
insert into CAUHOI VALUES (83,'https://firebasestorage.googleapis.com/v0/b/luatmophong.appspot.com/o/83.mp4?alt=media&token=6486d898-a026-4676-aac7-c8b3fd7ef72d',5,0,0,N'')
insert into CAUHOI VALUES (84,'https://firebasestorage.googleapis.com/v0/b/luatmophong.appspot.com/o/84.mp4?alt=media&token=57ae7ca5-e1ca-4978-8b20-7631dfb2a1c3',5,0,0,N'')
insert into CAUHOI VALUES (85,'https://firebasestorage.googleapis.com/v0/b/luatmophong.appspot.com/o/85.mp4?alt=media&token=cd3ae370-ed41-4b9f-997b-b61a895c3be0',5,0,0,N'')
insert into CAUHOI VALUES (86,'https://firebasestorage.googleapis.com/v0/b/luatmophong.appspot.com/o/86.mp4?alt=media&token=bec192a6-a1dd-4d28-b8cd-5626a9d0eb9c',5,0,0,N'')
insert into CAUHOI VALUES (87,'https://firebasestorage.googleapis.com/v0/b/luatmophong.appspot.com/o/87.mp4?alt=media&token=c1f8a93c-335d-43ee-a8f8-33a35a7cd17f',5,0,0,N'')
insert into CAUHOI VALUES (88,'https://firebasestorage.googleapis.com/v0/b/luatmophong.appspot.com/o/88.mp4?alt=media&token=2e0a8db6-8245-4513-a650-1f8b40d8afaf',5,0,0,N'')
insert into CAUHOI VALUES (89,'https://firebasestorage.googleapis.com/v0/b/luatmophong.appspot.com/o/89.mp4?alt=media&token=3b4ebe05-5164-42d0-9b7e-0493b1679842',5,0,0,N'')
insert into CAUHOI VALUES (90,'https://firebasestorage.googleapis.com/v0/b/luatmophong.appspot.com/o/90.mp4?alt=media&token=e85e5a39-1958-429b-b212-29ab55a4e64a',5,0,0,N'')
insert into CAUHOI VALUES (91,'https://firebasestorage.googleapis.com/v0/b/luatmophong.appspot.com/o/91.mp4?alt=media&token=80c17761-a9d1-4862-99c3-f91e178ba473',6,0,0,N'')
insert into CAUHOI VALUES (92,'https://firebasestorage.googleapis.com/v0/b/luatmophong.appspot.com/o/92.mp4?alt=media&token=5aa42407-60c3-43f8-ac88-a05398ca8464',6,0,0,N'')
insert into CAUHOI VALUES (93,'https://firebasestorage.googleapis.com/v0/b/luatmophong.appspot.com/o/93.mp4?alt=media&token=6607335e-26a1-4a63-84ea-6b68f38a8e8d',6,0,0,N'')
insert into CAUHOI VALUES (94,'https://firebasestorage.googleapis.com/v0/b/luatmophong.appspot.com/o/94.mp4?alt=media&token=7aeff742-dda9-4d73-b9c5-48221cb5ed60',6,0,0,N'')
insert into CAUHOI VALUES (95,'https://firebasestorage.googleapis.com/v0/b/luatmophong.appspot.com/o/95.mp4?alt=media&token=a7db0ec7-4705-40de-8934-f083ec1e291a',6,0,0,N'')
insert into CAUHOI VALUES (96,'https://firebasestorage.googleapis.com/v0/b/luatmophong.appspot.com/o/96.mp4?alt=media&token=c3fcd0c3-0a29-4144-8545-6c04f7dcaf1b',6,0,0,N'')
insert into CAUHOI VALUES (97,'https://firebasestorage.googleapis.com/v0/b/luatmophong.appspot.com/o/97.mp4?alt=media&token=24ca6bc5-066a-409e-8952-d50f43671f97',6,0,0,N'')
insert into CAUHOI VALUES (98,'https://firebasestorage.googleapis.com/v0/b/luatmophong.appspot.com/o/98.mp4?alt=media&token=3ede264f-5b5b-49ab-801b-e2cbf01c7460',6,0,0,N'')
insert into CAUHOI VALUES (99,'https://firebasestorage.googleapis.com/v0/b/luatmophong.appspot.com/o/99.mp4?alt=media&token=9133c52c-ee61-454f-bf94-b5c47885ed05',6,0,0,N'')
insert into CAUHOI VALUES (100,'https://firebasestorage.googleapis.com/v0/b/luatmophong.appspot.com/o/100.mp4?alt=media&token=e42402b8-8487-4961-b66e-d1f29a132c7a',6,0,0,N'')
insert into CAUHOI VALUES (101,'https://firebasestorage.googleapis.com/v0/b/luatmophong.appspot.com/o/101.mp4?alt=media&token=e1c60c5a-66ce-468c-8f4a-5e352c044de1',6,0,0,N'')
insert into CAUHOI VALUES (102,'https://firebasestorage.googleapis.com/v0/b/luatmophong.appspot.com/o/102.mp4?alt=media&token=8a021699-0a69-4e20-a44e-6368fcf6bdde',6,0,0,N'')
insert into CAUHOI VALUES (103,'https://firebasestorage.googleapis.com/v0/b/luatmophong.appspot.com/o/103.mp4?alt=media&token=cbeffa8c-73d9-4abf-8a75-48760ff70a2b',6,0,0,N'')
insert into CAUHOI VALUES (104,'https://firebasestorage.googleapis.com/v0/b/luatmophong.appspot.com/o/104.mp4?alt=media&token=428c4480-c2bd-4477-bd52-a9c81bb46a67',6,0,0,N'')
insert into CAUHOI VALUES (105,'https://firebasestorage.googleapis.com/v0/b/luatmophong.appspot.com/o/105.mp4?alt=media&token=ecea047a-2712-4f5b-9cd0-c52ce3bae106',6,0,0,N'')
insert into CAUHOI VALUES (106,'https://firebasestorage.googleapis.com/v0/b/luatmophong.appspot.com/o/106.mp4?alt=media&token=9843e55b-4c3a-40aa-8662-1c95b4d10823',6,0,0,N'')
insert into CAUHOI VALUES (107,'https://firebasestorage.googleapis.com/v0/b/luatmophong.appspot.com/o/107.mp4?alt=media&token=7deeb303-db3b-499c-954b-2bcdcd52e30a',6,0,0,N'')
insert into CAUHOI VALUES (108,'https://firebasestorage.googleapis.com/v0/b/luatmophong.appspot.com/o/108.mp4?alt=media&token=1be0253c-a0bd-4a9e-b916-77d39d4906bc',6,0,0,N'')
insert into CAUHOI VALUES (109,'https://firebasestorage.googleapis.com/v0/b/luatmophong.appspot.com/o/109.mp4?alt=media&token=30e2dea7-4d1b-45c7-aa48-028bf29e8589',6,0,0,N'')
insert into CAUHOI VALUES (110,'https://firebasestorage.googleapis.com/v0/b/luatmophong.appspot.com/o/110.mp4?alt=media&token=5721a58e-879f-47fb-838e-908cc46e83d7',6,0,0,N'')
insert into CAUHOI VALUES (111,'https://firebasestorage.googleapis.com/v0/b/luatmophong.appspot.com/o/111.mp4?alt=media&token=d5a4c67a-bc06-4d87-b2a8-dc1ce04ab80e',6,0,0,N'')
insert into CAUHOI VALUES (112,'https://firebasestorage.googleapis.com/v0/b/luatmophong.appspot.com/o/112.mp4?alt=media&token=c232d428-84c3-4b53-a28e-fbf88f6ac2ed',6,0,0,N'')
insert into CAUHOI VALUES (113,'https://firebasestorage.googleapis.com/v0/b/luatmophong.appspot.com/o/113.mp4?alt=media&token=d208d5b1-958b-4a39-a164-c8c9f85fe344',6,0,0,N'')
insert into CAUHOI VALUES (114,'https://firebasestorage.googleapis.com/v0/b/luatmophong.appspot.com/o/114.mp4?alt=media&token=1b853d48-7925-4c34-8bb2-64cd35f82ac2',6,0,0,N'')
insert into CAUHOI VALUES (115,'https://firebasestorage.googleapis.com/v0/b/luatmophong.appspot.com/o/115.mp4?alt=media&token=9ae7e3d7-bbcb-4935-a887-13a914274511',6,0,0,N'')
insert into CAUHOI VALUES (116,'https://firebasestorage.googleapis.com/v0/b/luatmophong.appspot.com/o/116.mp4?alt=media&token=f0e3e18a-86da-4945-aa3a-1a860c1e0c24',6,0,0,N'')
insert into CAUHOI VALUES (117,'https://firebasestorage.googleapis.com/v0/b/luatmophong.appspot.com/o/117.mp4?alt=media&token=95f31cf4-e9e8-4bab-94eb-936a834f3758',6,0,0,N'')
insert into CAUHOI VALUES (118,'https://firebasestorage.googleapis.com/v0/b/luatmophong.appspot.com/o/118.mp4?alt=media&token=b434005c-8b5c-4d72-a8e6-d9b2ff8c6c9e',6,0,0,N'')
insert into CAUHOI VALUES (119,'https://firebasestorage.googleapis.com/v0/b/luatmophong.appspot.com/o/119.mp4?alt=media&token=5f5e089b-2915-4f31-9e83-6aa4c597eef4',6,0,0,N'')
insert into CAUHOI VALUES (120,'https://firebasestorage.googleapis.com/v0/b/luatmophong.appspot.com/o/120.mp4?alt=media&token=19e80cb7-8ae3-4749-bb47-55313396da49',6,0,0,N'')
go
insert into MEOCAU VALUES (1,1,'https://firebasestorage.googleapis.com/v0/b/luatmophong.appspot.com/o/meo%2F1.jpg?alt=media&token=475a3c84-c697-411d-9d09-d8251f3a2b0f',N'Ấn phím Space khi nhìn thấy chân người đi bộ bắt đầu xuất hiện sau đuôi xe tải hoặc để ý điểm giữa của táp lô xe bắt đầu đi tới mép đầu xe trắng đỗ bên đường.')
insert into MEOCAU VALUES (2,2,'https://firebasestorage.googleapis.com/v0/b/luatmophong.appspot.com/o/meo%2F2.jpg?alt=media&token=83e204ea-4359-4743-bfa4-083ac9728702',N'Ấn phím Space khi chân trái người đi bộ đi đến giữa dải phân cách và chuẩn bị tiến qua phần đường xe đang chạy, hoặc dễ hơn có thể để ý xe màu trắng đi qua dải phân cách cho người đi bộ là bấm.')
insert into MEOCAU VALUES (3,3,'',N'Ấn phím Space khi nhận thấy đèn phanh xe phía trước sáng đỏ lên.')
insert into MEOCAU VALUES (4,4,'',N'Ấn phím Space tại thời điểm nhận thấy đàu xe ô tô con màu đen bắt đầu nhô ra. Hoặc để ý đầu xe gần đến vạch người đi bộ dưới đường thì chọn.')
insert into MEOCAU VALUES (5,5,'',N'Ấn phím Space tại thời điểm nhận thấy xe ô tô màu đỏ phanh và xe ô tô màu đen bên phải chuẩn bị khuất lại phía sau, tay cầm inox cửa trước xe ô tô màu đen chuẩn bị khuất thì bấm (có thể căn theo tay cầm phía sau khi nào khuất tay cầm phía sau thì bấm).')
insert into MEOCAU VALUES (6,6,'',N'Ấn phím Space tại thời điểm xe buýt bắt đầu đánh lái lấn làn để tránh xe con, nhìn thấy xe buýt ở giữa vạch kẻ đường màu vàng và xe đỏ thì bấm.')
insert into MEOCAU VALUES (7,7,'',N'Ấn phím Space khi thấy đèn phanh xe phía trước sáng màu vàng.')
insert into MEOCAU VALUES (8,8,'',N'Ấn phím Space khi nhìn thấy 1 nửa xe đạp hoặc để ý vạch dành cho người đi bộ chuẩn bị khuất bởi ô tô.')
insert into MEOCAU VALUES (9,9,'',N'Ấn phím Space khi thấy xe con bắt đầu đánh lái lấn làn đường (lưu ý khi nào bắt đầu đánh lái), hoặc để ý bánh xe con bắt đầu đè lên vạch giữa đường thì bấm.')
insert into MEOCAU VALUES (10,10,'',N'Ấn phím Space khi thấy xe con từ đường nhánh bên trái đang đi ra đầu xe chạm gốc cây.')
insert into MEOCAU VALUES (11,11,'',N'Ấn phím Space khi thấy đầu xê trộn bê tông ló ra 1 phần 3 đầu xe khỏi xe con màu trắng.')
insert into MEOCAU VALUES (12,12,'',N'Ấn phím Space tại thời điểm bánh trước xe máy màu đỏ bắt đầu chạm vào đầu táp lô của xe mình.')
insert into MEOCAU VALUES (13,13,'',N'Ấn phím Space tại thời điểm bánh xe đạp phía trước xuống lòng đường (người ngồi trên xe đạp thẳng vỉa bờ bo).')
insert into MEOCAU VALUES (14,14,'',N'Ấn phím Space tại thời điểm xe con ngược chiều vừa đi qua đoạn đường hầm, xe con tới ánh nắng dưới đường như hình vẽ hoặc nhìn thấy đầu xe tải xuất hiện được 1 nửa thì bấm.')
insert into MEOCAU VALUES (15,15,'',N'Ấn phím Space khi thấy đèn phanh xe tải phía trước sáng đỏ.')
insert into MEOCAU VALUES (16,16,'',N'Ấn phím Space tại thời điểm vừa thấy xe rẽ trái và xe ngược chiều màu đỏ tiến gần đến cạnh chữ A như hình vẽ thì bấm (dễ hơn để hẳn xe ngược chiều màu đỏ đi đến chạm cạnh chữ A bấm).')
insert into MEOCAU VALUES (17,17,'',N'Sau cột biển cấm dừng đỗ xe, xuất hiện rõ đầu xe buýt đi ngược chiều thì ấm (dễ hơn thì để ý người đi xe máy grab bắt đầu bị che bởi người đi xe máy áo đen thì bấm).')
insert into MEOCAU VALUES (18,18,'',N'Ấn phím Space ngay khi thấy cửa xe bên phía tài xế đang mở hé gây nguy hiểm hoặc thấy 2 xe đi song song là bấm.')
insert into MEOCAU VALUES (19,19,'',N'Ấn phím Space khi thấy đầu xe vừa đi qua bánh xe sau của xe taxi màu xanh thì bấm')
insert into MEOCAU VALUES (20,20,'',N'Ấn phím Space ngay khi nhận thấy đèn tín hiệu xe trắng chớp tắt, bật đèn báo mở cửa bắng khóa điện.')
insert into MEOCAU VALUES (21,21,'',N'Ấn phím Space khi thấy xe trắng phía trước rà phanh đỏ đít, xe trắng đi qua xe taxi màu xám đỗ bên đường, đít xe trắng phía trước đi ngang đít xe trắng bên đường thì bấm.')
insert into MEOCAU VALUES (22,22,'',N'Ấn phím Space khi thấy đầu xe khách chạm cột đèn chỗ rẽ.')
insert into MEOCAU VALUES (23,23,'',N'Ấn phím Space ngay khi thấy xe con ngược chiều định lấn làn vượt xe tải, khi nào nhìn thấy 1 nửa xe con xuất hiện sau thùng xe tải thì bấm.')
insert into MEOCAU VALUES (24,24,'',N'Ấn phím Space ngay khi thấy xe tải lấn làn né xe rác, bánh trước trái xe tải chạm vạch dọc đường thì bấm.')
insert into MEOCAU VALUES (25,25,'',N'Ấn phím Space khi thấy xe khách xi nhan và đánh lái sang trái (bánh xe quay hết sang trái). Hoặc để ý xe con trắng đi ngược chiều khi nào đít xe trắng ngang đầu xe khách thì bấm.')
insert into MEOCAU VALUES (26,26,'',N'Ấn phím Space khi xe tiến gần đến công trình và bắt đầu xuất hiện xe trắng ngược chiều, khi nào nhìn thấy 1 nửa đầu xe trắng lo ra thì bấm.')
insert into MEOCAU VALUES (27,27,'',N'Ấn phím Space khi thấy người đi bộ ra ngang cổng, đnef đỏ chuyển sang xanh nhanh tay được 5 điểm hoặc chậm 4 điểm.')
insert into MEOCAU VALUES (28,28,'',N'Ấn phím Space khi thấy xe trắng đỏ đèn phanh (đỏ đít xe).')
insert into MEOCAU VALUES (29,29,'',N'Ấn phím Space khi thấy xe xanh đỏ đèn phanh (mẹo đỏ đít xe).')
insert into MEOCAU VALUES (30,30,'',N'Khi nào đống rơm bên phải đường, tách khỏi con bò thứ 2 thì bấm ngay.')
insert into MEOCAU VALUES (31,31,'',N'Ngay khi cạnh chữ A khuất đống rơm đầu tiên bên trái như hình vẽ bên dưới thì bấm ngay')
insert into MEOCAU VALUES (32,32,'',N'Trường hợp này video quay vào buổi tối nên hơi khó căn, bạn có thể căn ánh sáng tới chân người đi bộ (số 1) hoặc căn chân kính chắn gió khuất cột rào màu đỏ (số 2) thì bấm chọn.')
insert into MEOCAU VALUES (33,33,'',N'Ấn phím Space ngay khi nhìn thấy người đi bộ đi ngang tới mép tường như hình vẽ để được tối đa 5đ.')
insert into MEOCAU VALUES (34,34,'',N'Xe khách vượt mô tô, khi nào mô tô canh giữa đầu xe khách thì bấm Space.')
insert into MEOCAU VALUES (35,35,'',N'Ấn phím Space khi thấy xe tải xuất hiện đầy đủ cả thùng xe để được tối đa 5đ.')
insert into MEOCAU VALUES (36,36,'',N'Ấn phím Space khi thấy người lái xe mô tô phía trước gần ngang góc cua hoặc để ý khi nhìn thấy người phụ nữ đạp xe xuất hiện bên kính lái trái ngang gương trái, bánh xe đạp chuẩn bị chạm cạnh trí thì chọn.')
insert into MEOCAU VALUES (37,37,'',N'Xe đạp trong ngõ lao ra rất khó quan sát. Như vậy, xe mô tô phía trước bắt đầu rẽ phải, bánh trước xe mô tô bắt đầu bị che khuất bởi bức tường thì bấm.')
insert into MEOCAU VALUES (38,38,'',N'Hai xe mô tô phía trước phanh đỏ đít thì bấm Space chọn ngay.')
insert into MEOCAU VALUES (39,39,'',N'Xe tải nhập làn, canh bóng xe tải xuống đường trúng vạch trắng giữa đường như hình vẽ thì chọn.')
insert into MEOCAU VALUES (40,40,'',N'Xe mô tô ló ra từ sau xe tải đang đỗ ven đường thì bấm chọn.')
insert into MEOCAU VALUES (41,41,'',N'Xe trắng đến vị trí gồ giảm tốc màu vàng + đèn trắng xi nhan: thì chọn có 5 điểm, chạm vạch dọc đường còn 4 điểm.')
insert into MEOCAU VALUES (42,42,'',N'Ấn phím Space khi thấy bánh trước xe bán tải màu trắng nằm trên vạch người đi bộ để được 5đ.')
insert into MEOCAU VALUES (43,43,'',N'Ấn phím Space khi xe tải phía trước bật xi nhan trái xin chuyển làn, khi nào bánh xe tải đè qua vạch dọc đường thì chọn.')
insert into MEOCAU VALUES (44,44,'',N'Xe con làn phải vượt lên xi nhan lấn làn sang trái. Khi nào quan sát thấy toàn bộ phần kính đen của xe con màu trắng xuất hiện gần hết như hình vẽ hoặc xuất hiện hẳn thì bấm chắc chắn được 5 điểm.')
insert into MEOCAU VALUES (45,45,'',N'Xe tải phía trước lấn làn, bánh sau xe tải chạm vạch dọc đường thì bấm.')
insert into MEOCAU VALUES (46,46,'',N'Ấn phím Space khi đầu xe con màu trắng bên trái bắt đầu đi qua cạnh chữ A bên lái thì chọn.')
insert into MEOCAU VALUES (47,47,'',N'Quan sát gương chiếu hậu, hình ảnh xe cứu thương trôi từ cạnh phải qua trái, khi gần chạm điểm đen gương bên trái thì chọn.')
insert into MEOCAU VALUES (48,48,'',N'Ấn phím Space khi xe đang chạy bắt đầu chuyển làn, xe sau đang quá gần xe đang chạy, xe sau nháy đèn, dải đất màu vàng bên trái kính chắn gió chuẩn bị khuất như hình vẽ.')
insert into MEOCAU VALUES (49,49,'',N'Xe tải phía trước lấn làn, khi nào bánh xe trước bên phải của xe tải và gương trái xe con màu trắng tạo thành 1 đường thẳng thì bấm.')
insert into MEOCAU VALUES (50,50,'',N'Xe tải phía trước lấn làn, khi nào bánh sau xe tải chạm vạch kẻ đường thì chọn.')
insert into MEOCAU VALUES (51,51,'',N'Xe tải đi ngược chiều gần lối ra cao tốc. Để ý biển giới hạn tốc độ 60km/h khi nào đầu xe bắt đầu đi qua chân biển giới hạn thì bấm.')
insert into MEOCAU VALUES (52,52,'',N'Đánh lái sang bên trái, để tránh xe lùi trên làn khẩn cấp: Khi cạnh gương chiếu hậu bên trái khuất 1/2 đầu xe bán tải làn trái thì chọn.')
insert into MEOCAU VALUES (53,53,'',N'Ấn phím Space khi nhìn thấy xe tải đi ngược chiều, đầu xe tải ló ra 1 nửa thì bấm.')
insert into MEOCAU VALUES (54,54,'',N'Xe tải nhập làn cao tốc để ý khi xe tải xi nhan để nhập làn thì bấm.')
insert into MEOCAU VALUES (55,55,'',N'Xe sơ mi phía trước bật đèn xi nhan trái thì chọn ngay.')
insert into MEOCAU VALUES (56,56,'',N'Ấn phím Space ngay khi đầu xe đi qua giữa vũng nước dưới đường để được 5 điểm.')
insert into MEOCAU VALUES (57,57,'',N'Xe đỏ phía xa tránh công trường, đèn đỏ xuất hiện bên phải xe con đỏ thì chọn.')
insert into MEOCAU VALUES (58,58,'',N'Xe con đỏ cùng làn phía trước phanh đỏ đít (đỏ đèn phanh).')
insert into MEOCAU VALUES (59,59,'',N'Sau khi xê container bật đèn xi nhan, khi nào bánh trước bắt đầu đè vào vạch dọc đường thì chọn.')
insert into MEOCAU VALUES (60,60,'',N'Xe khách phía trước xin nhập làn, khi nào đầu xe khách đi ra, bánh xe phía trước chạm vạch dọc đường như hình thì bấm.')
insert into MEOCAU VALUES (61,61,'',N'Xe con đen phía xa nhập cùng lúc nhiều làn, khi nào xe đen đi đến giữa làn bên cạnh xe mình thì bấm.')
insert into MEOCAU VALUES (62,62,'',N'Ấn phím Space khi bắt đầu thấy xe chạy ngược chiều trên cao tốc.')
insert into MEOCAU VALUES (63,63,'',N'Ấn phím Space khi xe tải phía trước đi ngang qua đàn bò đứng bên làn khẩn cấp.')
insert into MEOCAU VALUES (64,64,'',N'Ấn phím Space khi nhìn thấy đầu người đi xe mô tô phía trước chạm biển báo như hình vẽ.')
insert into MEOCAU VALUES (65,65,'',N'Ấn phím Space ngay khi càng xe chữ A bên trái bắt đầu đi đến bụi cây đối diện biển cảnh báo nguy hiểm.')
insert into MEOCAU VALUES (66,66,'',N'Xe tải rơi đất đá, khi xe con làn trái vượt lên đến gần xe tải (phía trước xe con bắt đầu đi đến đít xe tải thì bấm).')
insert into MEOCAU VALUES (67,67,'',N'Xe con xanh phía trước đỏ đèn phanh thì chọn.')
insert into MEOCAU VALUES (68,68,'',N'Sương mù dày đặc, đường vòng khuất tầm nhìn có xe xuất hieej tại khúc cua thì chọn ngay (hoặc để ý gương cầu lồi ở phía bên trái đường khi nào gương cách 1 đoạn như hình vẽ thì bấm).')
insert into MEOCAU VALUES (69,69,'',N'Ấn phím Space khi nhận thấy có xe xuất hiện tại khúc ngoặt nguy hiểm tiếp theo, xe tải phía trước đi qua vạch trắng giảm tốc, xe tải đỏ đèn phanh (để ý vì khá khó nhìn).')
insert into MEOCAU VALUES (70,70,'',N'Khúc của khuất tầm nhìn, nhìn thấy bụi cây ven đường chạm taplo như hình vẽ thì bấm.')
insert into MEOCAU VALUES (71,71,'',N'Khúc cua thứ 2 xe con trắng đỏ đèn phanh (đỏ đít xe) thì chọn.')
insert into MEOCAU VALUES (72,72,'',N'Để ý đố trắng như hình ve xuất hiện phía trên cao, khi nào đốm trắng này mờ đi thì ta chọn (Lúc này phía xa có 2 xe ô tô trông lờ mờ). Lưu ý không chọn ngay khi đốm trắng xuất hiện ngay sẽ 0 điểm đợi mờ đi mới chọn 5 điểm.')
insert into MEOCAU VALUES (73,73,'',N'Đường vòng cung, xuất hiện đàu xe màu trắng hoặc xe đi đến gần chân biển báo nguy hiểm thì ta chọn.')
insert into MEOCAU VALUES (74,74,'',N'Xe tải phía trước tránh xe đạp, xe tải đỏ đèn phanh thì ta chọn.')
insert into MEOCAU VALUES (75,75,'',N'Khi đi sau xe mô tô, có con bò động đậy ven đường thì chưa bấm. Đến khi đứa trẻ chạy gần đến vạch trắng hoặc đầu xe bắt đầu đi qua 2 con bò bên phải thì bấm.')
insert into MEOCAU VALUES (76,76,'',N'Khi nào thấy đứa trẻ chạy ra giữa đường. Canh trúng vạch dọc đường thì bấm chọn.')
insert into MEOCAU VALUES (77,77,'',N'Sau khi vượt nhiều xe, có xe con đỏ ló đầu xe trước xe khách đi cùng chiều thì chọn (điểm khuất tầm nhìn).')
insert into MEOCAU VALUES (78,78,'',N'Đèn xanh bật sáng, có xe mô tô vượt đèn đỏ: khi xe mô tô bên phải nút giao đi qua mép vạch phần đường người đi bộ thì bấm chọn.')
insert into MEOCAU VALUES (79,79,'',N'Xe mô tô trên đường nhánh không nhường đường, khi bánh trước của hai xe mô tô gần chạm bóng xe khách thì chọn được 5 điểm, nếu để 2 xe mô tô chạm bóng mới chọn thì chỉ được 4 điểm.')
insert into MEOCAU VALUES (80,80,'',N'Hai xe phía trước tránh chướng ngại vật: Xe con đỏ đnef phanh hoặc mô tô bật đèn xi nhan thì chọn nhanh.')
insert into MEOCAU VALUES (81,81,'',N'Khi đầu xe bán tải canh chạm giải phân cách như hình vẽ thì bấm.')
insert into MEOCAU VALUES (82,82,'',N'Sau xe buýt xuất hiện xe tải ló ra, lấn làn thì chọn.')
insert into MEOCAU VALUES (83,83,'',N'Đi sau xe ô tô trắng: Con bò bên phải đường bắt đầu di chuyển thì chọn.')
insert into MEOCAU VALUES (84,84,'',N'Đèn xi nhan của xe con đỏ nháy sang 2 lần (lưu ý) thì bấm chọn (xe chuẩn bị chuyển bánh). Nháy 1 lần đã chọn thì 0đ nhé.')
insert into MEOCAU VALUES (85,85,'',N'Xe chở gỗ phía trước đỏ đèn phanh thì bấm chọn.')
insert into MEOCAU VALUES (86,86,'',N'Xe con trắng phía trước đột ngột đánh lái chéo xe sang trái, xe trắng đi qua bóng dưới mặt đường của xe buýt ngược chiều thì chọn (có chướng ngại vật).')
insert into MEOCAU VALUES (87,87,'',N'Khi thấy gác chắn đỏ trắng chắn ngang đường hãy nghĩ đến tàu hỏa. Đầu tàu hỏa đi qua cột điện trắng gần đường sắt bên trái thì chọn (đầu tàu hỏa màu trắng ló qua từ bụi cây).')
insert into MEOCAU VALUES (88,88,'',N'Xe mô tô bật đèn xi nhan tránh xe buýt thì chọn.')
insert into MEOCAU VALUES (89,89,'',N'Cạnh chữ A bên trái xe đi gần đến chân cột đèn như hình vẽ. Hoặc xe đạp đi qua dải phân cách giữa đường bắt đầu tới phần đường xe chạy thì chọn ngay.')
insert into MEOCAU VALUES (90,90,'',N'Bấm phím Space khi cạnh trái xe xuất hiện mô tô đi ngược chiều, gốc cây to ven đường chuẩn bị chạm táp lô thì bấm.')
insert into MEOCAU VALUES (91,91,'',N'Ấn phím Space tại thời điểm phát hiện bên kia lối ra có xe đang lùi, biển 50m bên phải bắt đầu bị khuất thì bấm chọn.')
insert into MEOCAU VALUES (92,92,'',N'Mắt người lái + mô tô + xe khách tạo thành 3 điểm thẳng hàng (hoặc xe mô tô gần ngang đuôi xe tải và xe tải đỏ đèn phanh) thì bấm chọn')
insert into MEOCAU VALUES (93,93,'',N'Sắp đến nút giao: Xe con trắng làn trái bên ngoài cùng bật đèn xi nhan phải thì chọn ngay.')
insert into MEOCAU VALUES (94,94,'',N'Sau khi xe khách dừng lại, bật đèn nguy hiểm sáng chói. Khi nào đèn vàng sáng chói này vụt tắt thì chọn.')
insert into MEOCAU VALUES (95,95,'',N'Ấn phím Space tại thời điểm phát hiện đèn cảnh báo phát sáng 2 lần.')
insert into MEOCAU VALUES (96,96,'',N'Xe con màu đỏ cùng làn phía trước, nháy đèn phanh đỏ thì chọn.')
insert into MEOCAU VALUES (97,97,'',N'Ấn phím Space tại thời điểm phát hiện đầu xe khách xuất hiện 1 nửa.')
insert into MEOCAU VALUES (98,98,'',N'Xe tải đi qua người điều khiển giao thông (Hoặc xe con đi trước gần chớm bụi cây ven đường).')
insert into MEOCAU VALUES (99,99,'',N'Vạch dọc đường chia đôi đầu xe container lấn làn thì chọn.')
insert into MEOCAU VALUES (100,100,'',N'Ban đêm, phía bên phải xuất hiện đầu tàu hỏa với hai đèn sáng trắng. Đầu tàu đi qua lùm cây thì chọn.')
insert into MEOCAU VALUES (101,101,'',N'Ấn phím Space ngay khi rẽ trái có đèn cảnh báo chiều vào.')
insert into MEOCAU VALUES (102,102,'',N'Phía trước lối ra xuất hiện xe cứu hỏa với 2 đèn trắng thì chọn (để ý vì khá khó nhìn).')
insert into MEOCAU VALUES (103,103,'',N'Bên kia đường đôi, xe con màu đỏ đột ngột đánh lái chéo xe sang trái tại lối mở thì ta chọn')
insert into MEOCAU VALUES (104,104,'',N'Đến gần nút giao, đèn xanh chuyển đèn vàng thì chọn. Hoặc cạnh chữ A bên kính lái: bóng đèn xe con xanh chạm cạnh chữ A thì chọn. Để ý đèn xanh sang vàng chọn dễ hơn (lưu ý).')
insert into MEOCAU VALUES (105,105,'',N'Đường vòng lấn làn gây tai nạn. Mẹo đường vòng cung có bức tường vàng. Khi kính chắn gió bên lái khuất bức tường vàng thì ta chọn.')
insert into MEOCAU VALUES (106,106,'',N'Sương mù dày đặc, xuất hiện biển công trường đang thi công. Khi phát hiện bóng mờ đống đất đá phía trước thì chọn ngay.')
insert into MEOCAU VALUES (107,107,'',N'Khi đèn xi nhan này bật sáng: Đầu xe trôi qua vạch vàng. Khi nào cạnh bảng táp lô, chân kính chắn gió trước lọt qua vạch vàng thì chọn. Dễ hiểu hơn thì để ý đèn xi nhan bật sáng và xe có dấu hiệu đánh sang trái thì chọn.')
insert into MEOCAU VALUES (108,108,'',N'Đường vòng cung khuất tầm nhìn xuất hiện xe ben vàng thì ta chọn.')
insert into MEOCAU VALUES (109,109,'',N'Qua bức tường bao bên phải đường, khi xuất hiện xe khách ở giữa bức trường, đầu xe chạm gốc cây giữa tường thì ta chọn.')
insert into MEOCAU VALUES (110,110,'',N'Gặp biển báo nguy hiểm không giảm tốc độ gây tai nạn: Cạnh chữ A bên phải khuất biển màu vàng (Biển giao nhau với đường không ưu tiên thì chọn).')
insert into MEOCAU VALUES (111,111,'',N'Phía sau xe tải màu xanh, có xe khách lấn làn, bánh trước xe khách ltoj vạch dọc đường thì chọn.')
insert into MEOCAU VALUES (112,112,'',N'Rãnh trên bảng táp lô trùng với vạch vàng dọc đường thì chọn.')
insert into MEOCAU VALUES (113,113,'',N'Đèn xanh bạn đang khởi hành: thì kính chắn gió bên lái xuất hiện xe con vượt qua vạch dừng thì chọn.')
insert into MEOCAU VALUES (114,114,'',N'Khi đi lên cầu một đoạn thì nhìn thấy đèn xe đi ngược chiều tương đối rõ thì bấm. Hoặc đi khuất biển báo treo trên cao đếm 1 2 3 chọn là ok.')
insert into MEOCAU VALUES (115,115,'',N'Ấn phím Space ngay khi vệt sáng đèn pha của xe ô tô con màu xanh phía trước chạm tới 2 bánh của xe mô tô.')
insert into MEOCAU VALUES (116,116,'',N'Đi qua biển đá lở, thấy các viên đá lở trên đường thì chọn nhưng video mờ nên rất khó quan sát. Mẹo đi qua biển đá lở, gần khuất gốc cây đầu tiên ven đường thì chọn.')
insert into MEOCAU VALUES (117,117,'',N'Xe con phía trước đỏ đèn phanh thì chọn ngay.')
insert into MEOCAU VALUES (118,118,'',N'Khi rẽ vào đường gom phía trước nút giao, cạnh chữ A bên lái trôi qua góc đảo an toàn. Khi đèn cảnh báo nguy hiểm của xe đang lùi nháy sáng thì ta chọn.')
insert into MEOCAU VALUES (119,119,'',N'Xe container phía trước đột ngột bật đèn xi nhan trái thì bấm chọn ngay.')
insert into MEOCAU VALUES (120,120,'',N'Biển báo nguy hiểm đi chậm, xe phía trước đỏ đèn phanh thì chọn ngay.')
go

insert into DAPAN VALUES (1,1,9.6,12)
insert into DAPAN VALUES (2,2,14.5,16)
insert into DAPAN VALUES (3,3,14.5,16)
insert into DAPAN VALUES (4,4,10,14)
insert into DAPAN VALUES (5,5,5,6)
insert into DAPAN VALUES (6,6,13,15)
insert into DAPAN VALUES (7,7,10,14)
insert into DAPAN VALUES (8,8,10.5,12)
insert into DAPAN VALUES (9,9,8,10)
insert into DAPAN VALUES (10,10,12,15)
insert into DAPAN VALUES (11,11,11,16)
insert into DAPAN VALUES (12,12,17,21)
insert into DAPAN VALUES (13,13,10,12)
insert into DAPAN VALUES (14,14,14,17)
insert into DAPAN VALUES (15,15,12.5,14)
insert into DAPAN VALUES (16,16,11,13)
insert into DAPAN VALUES (17,17,9,11)
insert into DAPAN VALUES (18,18,11,14)
insert into DAPAN VALUES (19,19,12,14)
insert into DAPAN VALUES (20,20,15,17)
insert into DAPAN VALUES (21,21,13,15)
insert into DAPAN VALUES (22,22,12,15)
insert into DAPAN VALUES (23,23,15,16)
insert into DAPAN VALUES (24,24,13,15)
insert into DAPAN VALUES (25,25,10,18)
insert into DAPAN VALUES (26,26,13,16)
insert into DAPAN VALUES (27,27,13,14)
insert into DAPAN VALUES (28,28,12,14)
insert into DAPAN VALUES (29,29,12,14)
insert into DAPAN VALUES (30,30,10,14)
insert into DAPAN VALUES (31,31,14.5,17)
insert into DAPAN VALUES (32,32,11,14)
insert into DAPAN VALUES (33,33,12,14)
insert into DAPAN VALUES (34,34,7,11)
insert into DAPAN VALUES (35,35,5,8)
insert into DAPAN VALUES (36,36,19,21)
insert into DAPAN VALUES (37,37,17,21)
insert into DAPAN VALUES (38,38,10,13)
insert into DAPAN VALUES (39,39,11,12)
insert into DAPAN VALUES (40,40,9,12)
insert into DAPAN VALUES (41,41,12,13)
insert into DAPAN VALUES (42,42,10,12)
insert into DAPAN VALUES (43,43,10,13)
insert into DAPAN VALUES (44,44,11,12)
insert into DAPAN VALUES (45,45,12,15)
insert into DAPAN VALUES (46,46,19.5,23)
insert into DAPAN VALUES (47,47,11,23)
insert into DAPAN VALUES (48,48,7,9)
insert into DAPAN VALUES (49,49,10,14)
insert into DAPAN VALUES (50,50,12,15)
insert into DAPAN VALUES (51,51,12,16)
insert into DAPAN VALUES (52,52,15,18)
insert into DAPAN VALUES (53,53,16,18)
insert into DAPAN VALUES (54,54,12,16)
insert into DAPAN VALUES (55,55,6,8)
insert into DAPAN VALUES (56,56,10,12)
insert into DAPAN VALUES (57,57,24,29)
insert into DAPAN VALUES (58,58,21,25)
insert into DAPAN VALUES (59,59,20,22)
insert into DAPAN VALUES (60,60,9,10)
insert into DAPAN VALUES (61,61,15,18)
insert into DAPAN VALUES (62,62,18,21)
insert into DAPAN VALUES (63,63,8,11)
insert into DAPAN VALUES (64,64,13,16)
insert into DAPAN VALUES (65,65,20,24)
insert into DAPAN VALUES (66,66,10,16)
insert into DAPAN VALUES (67,67,16,19)
insert into DAPAN VALUES (68,68,12,17)
insert into DAPAN VALUES (69,69,8,13)
insert into DAPAN VALUES (70,70,28.5,30)
insert into DAPAN VALUES (71,71,14,18)
insert into DAPAN VALUES (72,72,19,21)
insert into DAPAN VALUES (73,73,18,19)
insert into DAPAN VALUES (74,74,14,17)
insert into DAPAN VALUES (75,75,9,12)
insert into DAPAN VALUES (76,76,6,8)
insert into DAPAN VALUES (77,77,29,32)
insert into DAPAN VALUES (78,78,14,16)
insert into DAPAN VALUES (79,79,12,14)
insert into DAPAN VALUES (80,80,9,11)
insert into DAPAN VALUES (81,81,18,20)
insert into DAPAN VALUES (82,82,15,19)
insert into DAPAN VALUES (83,83,10,12)
insert into DAPAN VALUES (84,84,12,15)
insert into DAPAN VALUES (85,85,19,22)
insert into DAPAN VALUES (86,86,7,10)
insert into DAPAN VALUES (87,87,6,10)
insert into DAPAN VALUES (88,88,12,14)
insert into DAPAN VALUES (89,89,11,14)
insert into DAPAN VALUES (90,90,9,12)
insert into DAPAN VALUES (91,91,8,12)
insert into DAPAN VALUES (92,92,25,27)
insert into DAPAN VALUES (93,93,7,11)
insert into DAPAN VALUES (94,94,19,23)
insert into DAPAN VALUES (95,95,8,12)
insert into DAPAN VALUES (96,96,20,23)
insert into DAPAN VALUES (97,97,16,17)
insert into DAPAN VALUES (98,98,16,19)
insert into DAPAN VALUES (99,99,19,22)
insert into DAPAN VALUES (100,100,10,13)
insert into DAPAN VALUES (101,101,14,16)
insert into DAPAN VALUES (102,102,14,17)
insert into DAPAN VALUES (103,103,18,21)
insert into DAPAN VALUES (104,104,18,19)
insert into DAPAN VALUES (105,105,13,15)
insert into DAPAN VALUES (106,106,19,21)
insert into DAPAN VALUES (107,107,10,11)
insert into DAPAN VALUES (108,108,18,19)
insert into DAPAN VALUES (109,109,11,14)
insert into DAPAN VALUES (110,110,11,14)
insert into DAPAN VALUES (111,111,10,13)
insert into DAPAN VALUES (112,112,8,14)
insert into DAPAN VALUES (113,113,12,13)
insert into DAPAN VALUES (114,114,11,15)
insert into DAPAN VALUES (115,115,9,10)
insert into DAPAN VALUES (116,116,16,18)
insert into DAPAN VALUES (117,117,10,12)
insert into DAPAN VALUES (118,118,12,15)
insert into DAPAN VALUES (119,119,9,11)
insert into DAPAN VALUES (120,120,11,12)
go

insert into DETHI VALUES (1,0)
insert into DETHI VALUES (2,0)
insert into DETHI VALUES (3,0)
insert into DETHI VALUES (4,0)
insert into DETHI VALUES (5,0)
insert into DETHI VALUES (6,0)
insert into DETHI VALUES (7,0)
insert into DETHI VALUES (8,0)
insert into DETHI VALUES (9,0)
insert into DETHI VALUES (10,0)
insert into DETHI VALUES (11,0)
insert into DETHI VALUES (12,0)

go
insert into BAILAM VALUES (1,1,0,0)
insert into BAILAM VALUES (2,1,0,0)
insert into BAILAM VALUES (3,1,0,0)
insert into BAILAM VALUES (4,1,0,0)
insert into BAILAM VALUES (5,1,0,0)
insert into BAILAM VALUES (6,1,0,0)
insert into BAILAM VALUES (7,1,0,0)
insert into BAILAM VALUES (8,1,0,0)
insert into BAILAM VALUES (9,1,0,0)
insert into BAILAM VALUES (10,1,0,0)
insert into BAILAM VALUES (11,2,0,0)
insert into BAILAM VALUES (12,2,0,0)
insert into BAILAM VALUES (13,2,0,0)
insert into BAILAM VALUES (14,2,0,0)
insert into BAILAM VALUES (15,2,0,0)
insert into BAILAM VALUES (16,2,0,0)
insert into BAILAM VALUES (17,2,0,0)
insert into BAILAM VALUES (18,2,0,0)
insert into BAILAM VALUES (19,2,0,0)
insert into BAILAM VALUES (20,2,0,0)
insert into BAILAM VALUES (21,3,0,0)
insert into BAILAM VALUES (22,3,0,0)
insert into BAILAM VALUES (23,3,0,0)
insert into BAILAM VALUES (24,3,0,0)
insert into BAILAM VALUES (25,3,0,0)
insert into BAILAM VALUES (26,3,0,0)
insert into BAILAM VALUES (27,3,0,0)
insert into BAILAM VALUES (28,3,0,0)
insert into BAILAM VALUES (29,3,0,0)
insert into BAILAM VALUES (30,3,0,0)
insert into BAILAM VALUES (31,4,0,0)
insert into BAILAM VALUES (32,4,0,0)
insert into BAILAM VALUES (33,4,0,0)
insert into BAILAM VALUES (34,4,0,0)
insert into BAILAM VALUES (35,4,0,0)
insert into BAILAM VALUES (36,4,0,0)
insert into BAILAM VALUES (37,4,0,0)
insert into BAILAM VALUES (38,4,0,0)
insert into BAILAM VALUES (39,4,0,0)
insert into BAILAM VALUES (40,4,0,0)
insert into BAILAM VALUES (41,5,0,0)
insert into BAILAM VALUES (42,5,0,0)
insert into BAILAM VALUES (43,5,0,0)
insert into BAILAM VALUES (44,5,0,0)
insert into BAILAM VALUES (45,5,0,0)
insert into BAILAM VALUES (46,5,0,0)
insert into BAILAM VALUES (47,5,0,0)
insert into BAILAM VALUES (48,5,0,0)
insert into BAILAM VALUES (49,5,0,0)
insert into BAILAM VALUES (50,5,0,0)
insert into BAILAM VALUES (51,6,0,0)
insert into BAILAM VALUES (52,6,0,0)
insert into BAILAM VALUES (53,6,0,0)
insert into BAILAM VALUES (54,6,0,0)
insert into BAILAM VALUES (55,6,0,0)
insert into BAILAM VALUES (56,6,0,0)
insert into BAILAM VALUES (57,6,0,0)
insert into BAILAM VALUES (58,6,0,0)
insert into BAILAM VALUES (59,6,0,0)
insert into BAILAM VALUES (60,6,0,0)
insert into BAILAM VALUES (61,7,0,0)
insert into BAILAM VALUES (62,7,0,0)
insert into BAILAM VALUES (63,7,0,0)
insert into BAILAM VALUES (64,7,0,0)
insert into BAILAM VALUES (65,7,0,0)
insert into BAILAM VALUES (66,7,0,0)
insert into BAILAM VALUES (67,7,0,0)
insert into BAILAM VALUES (68,7,0,0)
insert into BAILAM VALUES (69,7,0,0)
insert into BAILAM VALUES (70,7,0,0)
insert into BAILAM VALUES (71,8,0,0)
insert into BAILAM VALUES (72,8,0,0)
insert into BAILAM VALUES (73,8,0,0)
insert into BAILAM VALUES (74,8,0,0)
insert into BAILAM VALUES (75,8,0,0)
insert into BAILAM VALUES (76,8,0,0)
insert into BAILAM VALUES (77,8,0,0)
insert into BAILAM VALUES (78,8,0,0)
insert into BAILAM VALUES (79,8,0,0)
insert into BAILAM VALUES (80,8,0,0)
insert into BAILAM VALUES (81,9,0,0)
insert into BAILAM VALUES (82,9,0,0)
insert into BAILAM VALUES (83,9,0,0)
insert into BAILAM VALUES (84,9,0,0)
insert into BAILAM VALUES (85,9,0,0)
insert into BAILAM VALUES (86,9,0,0)
insert into BAILAM VALUES (87,9,0,0)
insert into BAILAM VALUES (88,9,0,0)
insert into BAILAM VALUES (89,9,0,0)
insert into BAILAM VALUES (90,9,0,0)
insert into BAILAM VALUES (91,10,0,0)
insert into BAILAM VALUES (92,10,0,0)
insert into BAILAM VALUES (93,10,0,0)
insert into BAILAM VALUES (94,10,0,0)
insert into BAILAM VALUES (95,10,0,0)
insert into BAILAM VALUES (96,10,0,0)
insert into BAILAM VALUES (97,10,0,0)
insert into BAILAM VALUES (98,10,0,0)
insert into BAILAM VALUES (99,10,0,0)
insert into BAILAM VALUES (100,10,0,0)
insert into BAILAM VALUES (101,11,0,0)
insert into BAILAM VALUES (102,11,0,0)
insert into BAILAM VALUES (103,11,0,0)
insert into BAILAM VALUES (104,11,0,0)
insert into BAILAM VALUES (105,11,0,0)
insert into BAILAM VALUES (106,11,0,0)
insert into BAILAM VALUES (107,11,0,0)
insert into BAILAM VALUES (108,11,0,0)
insert into BAILAM VALUES (109,11,0,0)
insert into BAILAM VALUES (110,11,0,0)
insert into BAILAM VALUES (111,12,0,0)
insert into BAILAM VALUES (112,12,0,0)
insert into BAILAM VALUES (113,12,0,0)
insert into BAILAM VALUES (114,12,0,0)
insert into BAILAM VALUES (115,12,0,0)
insert into BAILAM VALUES (116,12,0,0)
insert into BAILAM VALUES (117,12,0,0)
insert into BAILAM VALUES (118,12,0,0)
insert into BAILAM VALUES (119,12,0,0)
insert into BAILAM VALUES (120,12,0,0)
go
select * from LAMTHEOLOAI
insert into LAMTHEOLOAI VALUES (1,1,0,0)
insert into LAMTHEOLOAI VALUES (2,1,0,0)
insert into LAMTHEOLOAI VALUES (3,1,0,0)
insert into LAMTHEOLOAI VALUES (4,1,0,0)
insert into LAMTHEOLOAI VALUES (5,1,0,0)
insert into LAMTHEOLOAI VALUES (6,1,0,0)
insert into LAMTHEOLOAI VALUES (7,1,0,0)
insert into LAMTHEOLOAI VALUES (8,1,0,0)
insert into LAMTHEOLOAI VALUES (9,1,0,0)
insert into LAMTHEOLOAI VALUES (10,1,0,0)
insert into LAMTHEOLOAI VALUES (11,1,0,0)
insert into LAMTHEOLOAI VALUES (12,1,0,0)
insert into LAMTHEOLOAI VALUES (13,1,0,0)
insert into LAMTHEOLOAI VALUES (14,1,0,0)
insert into LAMTHEOLOAI VALUES (15,1,0,0)
insert into LAMTHEOLOAI VALUES (16,1,0,0)
insert into LAMTHEOLOAI VALUES (17,1,0,0)
insert into LAMTHEOLOAI VALUES (18,1,0,0)
insert into LAMTHEOLOAI VALUES (19,1,0,0)
insert into LAMTHEOLOAI VALUES (20,1,0,0)
insert into LAMTHEOLOAI VALUES (21,1,0,0)
insert into LAMTHEOLOAI VALUES (22,1,0,0)
insert into LAMTHEOLOAI VALUES (23,1,0,0)
insert into LAMTHEOLOAI VALUES (24,1,0,0)
insert into LAMTHEOLOAI VALUES (25,1,0,0)
insert into LAMTHEOLOAI VALUES (26,1,0,0)
insert into LAMTHEOLOAI VALUES (27,1,0,0)
insert into LAMTHEOLOAI VALUES (28,1,0,0)
insert into LAMTHEOLOAI VALUES (29,1,0,0)
insert into LAMTHEOLOAI VALUES (30,2,0,0)
insert into LAMTHEOLOAI VALUES (31,2,0,0)
insert into LAMTHEOLOAI VALUES (32,2,0,0)
insert into LAMTHEOLOAI VALUES (33,2,0,0)
insert into LAMTHEOLOAI VALUES (34,2,0,0)
insert into LAMTHEOLOAI VALUES (35,2,0,0)
insert into LAMTHEOLOAI VALUES (36,2,0,0)
insert into LAMTHEOLOAI VALUES (37,2,0,0)
insert into LAMTHEOLOAI VALUES (38,2,0,0)
insert into LAMTHEOLOAI VALUES (39,2,0,0)
insert into LAMTHEOLOAI VALUES (40,2,0,0)
insert into LAMTHEOLOAI VALUES (41,2,0,0)
insert into LAMTHEOLOAI VALUES (42,2,0,0)
insert into LAMTHEOLOAI VALUES (43,2,0,0)
insert into LAMTHEOLOAI VALUES (44,3,0,0)
insert into LAMTHEOLOAI VALUES (45,3,0,0)
insert into LAMTHEOLOAI VALUES (46,3,0,0)
insert into LAMTHEOLOAI VALUES (47,3,0,0)
insert into LAMTHEOLOAI VALUES (48,3,0,0)
insert into LAMTHEOLOAI VALUES (49,3,0,0)
insert into LAMTHEOLOAI VALUES (50,3,0,0)
insert into LAMTHEOLOAI VALUES (51,3,0,0)
insert into LAMTHEOLOAI VALUES (52,3,0,0)
insert into LAMTHEOLOAI VALUES (53,3,0,0)
insert into LAMTHEOLOAI VALUES (54,3,0,0)
insert into LAMTHEOLOAI VALUES (55,3,0,0)
insert into LAMTHEOLOAI VALUES (56,3,0,0)
insert into LAMTHEOLOAI VALUES (57,3,0,0)
insert into LAMTHEOLOAI VALUES (58,3,0,0)
insert into LAMTHEOLOAI VALUES (59,3,0,0)
insert into LAMTHEOLOAI VALUES (60,3,0,0)
insert into LAMTHEOLOAI VALUES (61,3,0,0)
insert into LAMTHEOLOAI VALUES (62,3,0,0)
insert into LAMTHEOLOAI VALUES (63,3,0,0)
insert into LAMTHEOLOAI VALUES (64,4,0,0)
insert into LAMTHEOLOAI VALUES (65,4,0,0)
insert into LAMTHEOLOAI VALUES (66,4,0,0)
insert into LAMTHEOLOAI VALUES (67,4,0,0)
insert into LAMTHEOLOAI VALUES (68,4,0,0)
insert into LAMTHEOLOAI VALUES (69,4,0,0)
insert into LAMTHEOLOAI VALUES (70,4,0,0)
insert into LAMTHEOLOAI VALUES (71,4,0,0)
insert into LAMTHEOLOAI VALUES (72,4,0,0)
insert into LAMTHEOLOAI VALUES (73,4,0,0)
insert into LAMTHEOLOAI VALUES (74,5,0,0)
insert into LAMTHEOLOAI VALUES (75,5,0,0)
insert into LAMTHEOLOAI VALUES (76,5,0,0)
insert into LAMTHEOLOAI VALUES (77,5,0,0)
insert into LAMTHEOLOAI VALUES (78,5,0,0)
insert into LAMTHEOLOAI VALUES (79,5,0,0)
insert into LAMTHEOLOAI VALUES (80,5,0,0)
insert into LAMTHEOLOAI VALUES (81,5,0,0)
insert into LAMTHEOLOAI VALUES (82,5,0,0)
insert into LAMTHEOLOAI VALUES (83,5,0,0)
insert into LAMTHEOLOAI VALUES (84,5,0,0)
insert into LAMTHEOLOAI VALUES (85,5,0,0)
insert into LAMTHEOLOAI VALUES (86,5,0,0)
insert into LAMTHEOLOAI VALUES (87,5,0,0)
insert into LAMTHEOLOAI VALUES (88,5,0,0)
insert into LAMTHEOLOAI VALUES (89,5,0,0)
insert into LAMTHEOLOAI VALUES (90,5,0,0)
insert into LAMTHEOLOAI VALUES (91,6,0,0)
insert into LAMTHEOLOAI VALUES (92,6,0,0)
insert into LAMTHEOLOAI VALUES (93,6,0,0)
insert into LAMTHEOLOAI VALUES (94,6,0,0)
insert into LAMTHEOLOAI VALUES (95,6,0,0)
insert into LAMTHEOLOAI VALUES (96,6,0,0)
insert into LAMTHEOLOAI VALUES (97,6,0,0)
insert into LAMTHEOLOAI VALUES (98,6,0,0)
insert into LAMTHEOLOAI VALUES (99,6,0,0)
insert into LAMTHEOLOAI VALUES (100,6,0,0)
insert into LAMTHEOLOAI VALUES (101,6,0,0)
insert into LAMTHEOLOAI VALUES (102,6,0,0)
insert into LAMTHEOLOAI VALUES (103,6,0,0)
insert into LAMTHEOLOAI VALUES (104,6,0,0)
insert into LAMTHEOLOAI VALUES (105,6,0,0)
insert into LAMTHEOLOAI VALUES (106,6,0,0)
insert into LAMTHEOLOAI VALUES (107,6,0,0)
insert into LAMTHEOLOAI VALUES (108,6,0,0)
insert into LAMTHEOLOAI VALUES (109,6,0,0)
insert into LAMTHEOLOAI VALUES (110,6,0,0)
insert into LAMTHEOLOAI VALUES (111,6,0,0)
insert into LAMTHEOLOAI VALUES (112,6,0,0)
insert into LAMTHEOLOAI VALUES (113,6,0,0)
insert into LAMTHEOLOAI VALUES (114,6,0,0)
insert into LAMTHEOLOAI VALUES (115,6,0,0)
insert into LAMTHEOLOAI VALUES (116,6,0,0)
insert into LAMTHEOLOAI VALUES (117,6,0,0)
insert into LAMTHEOLOAI VALUES (118,6,0,0)
insert into LAMTHEOLOAI VALUES (119,6,0,0)
insert into LAMTHEOLOAI VALUES (120,6,0,0)


insert into BAILAM values(1,1,1,0,0)
insert into BAILAM values(2,1,2,0,0)
insert into BAILAM values(3,1,3,0,0)
insert into BAILAM values(4,1,4,0,0)
insert into BAILAM values(5,1,5,0,0)
insert into BAILAM values(6,1,6,0,0)
insert into BAILAM values(7,1,7,0,0)
insert into BAILAM values(8,1,8,0,0)
insert into BAILAM values(9,1,9,0,0)
insert into BAILAM values(10,1,10,0,0)

insert into BAILAM values(11,2,11,0,0)
insert into BAILAM values(12,2,12,0,0)
insert into BAILAM values(13,2,13,0,0)
insert into BAILAM values(14,2,14,0,0)
insert into BAILAM values(15,2,15,0,0)
insert into BAILAM values(16,2,16,0,0)
insert into BAILAM values(17,2,17,0,0)
insert into BAILAM values(18,2,18,0,0)
insert into BAILAM values(19,2,19,0,0)
insert into BAILAM values(20,2,20,0,0)

insert into BAILAM values(21,3,21,0,0)
insert into BAILAM values(22,3,22,0,0)
insert into BAILAM values(23,3,23,0,0)
insert into BAILAM values(24,3,24,0,0)
insert into BAILAM values(25,3,25,0,0)
insert into BAILAM values(26,3,26,0,0)
insert into BAILAM values(27,3,27,0,0)
insert into BAILAM values(28,3,28,0,0)
insert into BAILAM values(29,3,29,0,0)
insert into BAILAM values(30,3,30,0,0)

insert into BAILAM values(31,4,31,0,0)
insert into BAILAM values(32,4,32,0,0)
insert into BAILAM values(33,4,33,0,0)
insert into BAILAM values(34,4,34,0,0)
insert into BAILAM values(35,4,35,0,0)
insert into BAILAM values(36,4,36,0,0)
insert into BAILAM values(37,4,37,0,0)
insert into BAILAM values(38,4,38,0,0)
insert into BAILAM values(39,4,39,0,0)
insert into BAILAM values(40,4,40,0,0)

insert into BAILAM values(41,5,41,0,0)
insert into BAILAM values(42,5,42,0,0)
insert into BAILAM values(43,5,43,0,0)
insert into BAILAM values(44,5,44,0,0)
insert into BAILAM values(45,5,45,0,0)
insert into BAILAM values(46,5,46,0,0)
insert into BAILAM values(47,5,47,0,0)
insert into BAILAM values(48,5,48,0,0)
insert into BAILAM values(49,5,49,0,0)
insert into BAILAM values(50,5,50,0,0)

insert into BAILAM values(51,6,51,0,0)
insert into BAILAM values(52,6,52,0,0)
insert into BAILAM values(53,6,53,0,0)
insert into BAILAM values(54,6,54,0,0)
insert into BAILAM values(55,6,55,0,0)
insert into BAILAM values(56,6,56,0,0)
insert into BAILAM values(57,6,57,0,0)
insert into BAILAM values(58,6,58,0,0)
insert into BAILAM values(59,6,59,0,0)
insert into BAILAM values(60,6,60,0,0) 

insert into BAILAM values(61,7,61,0,0)
insert into BAILAM values(62,7,62,0,0)
insert into BAILAM values(63,7,63,0,0)
insert into BAILAM values(64,7,64,0,0)
insert into BAILAM values(65,7,65,0,0)
insert into BAILAM values(66,7,66,0,0)
insert into BAILAM values(67,7,67,0,0)
insert into BAILAM values(68,7,68,0,0)
insert into BAILAM values(69,7,69,0,0)
insert into BAILAM values(70,7,70,0,0)
insert into BAILAM values(71,8,71,0,0)
insert into BAILAM values(72,8,72,0,0)
insert into BAILAM values(73,8,73,0,0)
insert into BAILAM values(74,8,74,0,0)
insert into BAILAM values(75,8,75,0,0)
insert into BAILAM values(76,8,76,0,0)
insert into BAILAM values(77,8,77,0,0)
insert into BAILAM values(78,8,78,0,0)
insert into BAILAM values(79,8,79,0,0)
insert into BAILAM values(80,8,80,0,0)
insert into BAILAM values(81,9,81,0,0)
insert into BAILAM values(82,9,82,0,0)
insert into BAILAM values(83,9,83,0,0)
insert into BAILAM values(84,9,84,0,0)
insert into BAILAM values(85,9,85,0,0)
insert into BAILAM values(86,9,86,0,0)
insert into BAILAM values(87,9,87,0,0)
insert into BAILAM values(88,9,88,0,0)
insert into BAILAM values(89,9,89,0,0)
insert into BAILAM values(90,9,90,0,0)
insert into BAILAM values(91,10,91,0,0)
insert into BAILAM values(92,10,92,0,0)
insert into BAILAM values(93,10,93,0,0)
insert into BAILAM values(94,10,94,0,0)
insert into BAILAM values(95,10,95,0,0)
insert into BAILAM values(96,10,96,0,0)
insert into BAILAM values(97,10,97,0,0)
insert into BAILAM values(98,10,98,0,0)
insert into BAILAM values(99,10,99,0,0)
insert into BAILAM values(100,10,100,0,0)
insert into BAILAM values(101,11,101,0,0)
insert into BAILAM values(102,11,102,0,0)
insert into BAILAM values(103,11,103,0,0)
insert into BAILAM values(104,11,104,0,0)
insert into BAILAM values(105,11,105,0,0)
insert into BAILAM values(106,11,106,0,0)
insert into BAILAM values(107,11,107,0,0)
insert into BAILAM values(108,11,108,0,0)
insert into BAILAM values(109,11,109,0,0)
insert into BAILAM values(110,11,110,0,0)
insert into BAILAM values(111,12,111,0,0)
insert into BAILAM values(112,12,112,0,0)
insert into BAILAM values(113,12,113,0,0)
insert into BAILAM values(114,12,114,0,0)
insert into BAILAM values(115,12,115,0,0)
insert into BAILAM values(116,12,116,0,0)
insert into BAILAM values(117,12,117,0,0)
insert into BAILAM values(118,12,118,0,0)
insert into BAILAM values(119,12,119,0,0)
insert into BAILAM values(120,12,120,0,0)
